[
  {
    "icon": "fa fa-home",
    "slug": "external",
    "title": "Volver al inicio",
    "path": "index.html"
  },  
  {
    "id": 0,
    "icon": "fa fa-play-circle",
    "slug": "introduccion",
    "title": "Introducción",    
    "path": "pages/introduccion.html"
  },
  {
    "id": 1,
    "icon": "fa fa-file-text",
    "slug": "estudio_mercado",
    "title": "1. Estudio de mercado",    
    "path": "pages/tema-1.html",
    "submenu": [
      {
        "icon": "fa fa-play-circle",
        "slug": "estudio_mercado",
        "title": "1.1 Identificación del bien o servicio",
        "anchor": "tema_1_1" 
      },
      {
        "icon": "fa fa-file-text",
        "slug": "estudio_mercado",
        "title": "1.2 Identificación de la demanda",
        "anchor": "tema_1_2" 
      },
      {
        "icon": "fa fa-file-text",
        "slug": "estudio_mercado",
        "title": "1.3 Identificación de la oferta",
        "anchor": "tema_1_3" 
      },
      {
        "icon": "fa fa-file-text",
        "slug": "estudio_mercado",
        "title": "1.4 Identificación del precio",
        "anchor": "tema_1_4" 
      },
      {
        "icon": "fa fa-file-text",
        "slug": "estudio_mercado",
        "title": "1.5 Estrategia de mercadeo agrícola",
        "anchor": "tema_1_5" 
      }
    ]
  },
  {
    "id": 2,
    "icon": "fa fa-file-text",
    "slug": "estudio_tecnico",
    "title": "2. Estudio técnico",    
    "path": "pages/tema-2.html",
    "submenu": [
      {
        "icon": "fa fa-file-text",
        "slug": "estudio_tecnico",
        "title": "2.1 Localización ",
        "anchor": "tema_2_1"
      },
      {
        "icon": "fa fa-file-text",
        "slug": "estudio_tecnico",
        "title": "2.2 Tamaño",
        "anchor": "tema_2_2"
      },
      {
        "icon": "fa fa-file-text",
        "slug": "estudio_tecnico",
        "title": "2.3 Identificación y descripción del proceso",
        "anchor": "tema_2_3"
      },
      {
        "icon": "fa fa-file-text",
        "slug": "estudio_tecnico",
        "title": "2.4 Organización y cronograma",
        "anchor": "tema_2_4"
      }      
    ]
  },
  {
    "id": 3,
    "icon": "fa fa-file-text",
    "slug": "estudio_administrativo",
    "title": "3. Estudio administrativo",    
    "path": "pages/tema-3.html",
    "submenu": [
      {
        "icon": "fa fa-file-text",
        "slug": "estudio_administrativo",
        "title": "3.1 Planeación estratégica",
        "anchor": "tema_3_1"
      },
      {
        "icon": "fa fa-file-text",
        "slug": "estudio_administrativo",
        "title": "3.2 Análisis DOFA",
        "anchor": "tema_3_2"
      },
      {
        "icon": "fa fa-file-text",
        "slug": "estudio_administrativo",
        "title": "3.3 Organigrama",
        "anchor": "tema_3_3"
      },
      {
        "icon": "fa fa-file-text",
        "slug": "estudio_administrativo",
        "title": "3.4 Aspecto legal",
        "anchor": "tema_3_4"
      }
    ]
  },
  {
    "id": 4,
    "icon": "fa fa-file-text",
    "slug": "estudio_ambiental",
    "title": "4. Estudio ambiental",    
    "path": "pages/tema-4.html",
    "submenu": [
      {
        "icon": "fa fa-file-text",
        "slug": "estudio_ambiental",
        "title": "4.1 Legislación ambiental",
        "anchor": "tema_4_1"
      }
    ]
  },
  {
    "id": 5,
    "icon": "fa fa-file-text",
    "slug": "estudio_financiero",
    "title": "5. Estudio financiero",    
    "path": "pages/tema-5.html",
    "submenu": [
      {
        "icon": "fa fa-file-text",
        "slug": "estudio_financiero",
        "title": "5.1 Flujo de caja",
        "anchor": "tema_5_1"
      }
    ]
  }  
]